height,time,proposer_hex,proposer_moniker
60362646,2026-04-27T14:05:43.247681198Z,C8969171F9B5A3354C712A20F007CDE0648C990F,C89691…990F
60362647,2026-04-27T14:05:44.05503059Z,D24B7A32413338C2AA26FC0016D91FBE73BB5EAE,D24B7A…5EAE
60362648,2026-04-27T14:05:44.954808169Z,99063B919404B6950A79A6A31E370378FE07020D,99063B…020D
60362649,2026-04-27T14:05:45.795408394Z,19EC0A155A5BE755E76D0059EF730EBCA122B4F1,19EC0A…B4F1
60362650,2026-04-27T14:05:46.680050308Z,9D0281786872D3BBE53C58FBECA118D86FA82177,9D0281…2177
60362651,2026-04-27T14:05:48.677370276Z,9CBEC8CBD4ED3AAD4BB2B0346EFC86A6C41F9160,9CBEC8…9160
60362652,2026-04-27T14:05:49.492751621Z,16A169951A878247DBE258FDDC71638F6606D156,16A169…D156
60362653,2026-04-27T14:05:50.419068794Z,CB5A63B91E8F4EE8DB935942CBE25724636479E0,CB5A63…79E0
60362654,2026-04-27T14:05:51.320524943Z,5F999A4BE254869925A7F2FEA04D7B3B836CFF0B,5F999A…FF0B
60362655,2026-04-27T14:05:52.170288079Z,F9A968A405FB0429410AE5165E5F2193271E678A,F9A968…678A
60362656,2026-04-27T14:05:54.155874097Z,66B69666EBF776E7EBCBE197ABA466A712E27076,66B696…7076
60362657,2026-04-27T14:05:55.07145824Z,17386B308EF9670CDD412FB2F3C09C5B875FB8B8,17386B…B8B8
60362658,2026-04-27T14:05:56.121160868Z,583AE736E67DF9D72FE87B9AA7D3210D3B4B0E5A,583AE7…0E5A
60362659,2026-04-27T14:05:56.968403711Z,7EDB006522610C58283E30644A14F27BCC0D32ED,7EDB00…32ED
60362660,2026-04-27T14:06:00.593019002Z,7EDB006522610C58283E30644A14F27BCC0D32ED,7EDB00…32ED
60362661,2026-04-27T14:06:01.412482414Z,51D7D05A659208A6576190AEBBE8F07603851515,51D7D0…1515
60362662,2026-04-27T14:06:05.111833146Z,51D7D05A659208A6576190AEBBE8F07603851515,51D7D0…1515
60362663,2026-04-27T14:06:06.06452978Z,CB5A63B91E8F4EE8DB935942CBE25724636479E0,CB5A63…79E0
60362664,2026-04-27T14:06:06.983851497Z,894C56D6CFC3A8E09EB6D1A2E33467C4CF77C0F5,894C56…C0F5
60362665,2026-04-27T14:06:07.827480469Z,9CC5FB13EC1448FD164DC81ED49841F4DBF0C347,9CC5FB…C347
60362666,2026-04-27T14:06:08.801006592Z,96DA375D8A293F8F6580DA36EA2376CD89AB20C4,96DA37…20C4
60362667,2026-04-27T14:06:09.630656689Z,C8969171F9B5A3354C712A20F007CDE0648C990F,C89691…990F
60362668,2026-04-27T14:06:10.52083056Z,4B56B7D3FB47183A3CED7AE24C9AA0F0DEB0BB04,4B56B7…BB04
60362669,2026-04-27T14:06:11.495012262Z,04C83AA20F7563BBCBCF6AA150EF6B0C81808DAA,04C83A…8DAA
60362670,2026-04-27T14:06:12.61708128Z,2022FE8CC49E48630C76160E11A880459219D244,2022FE…D244
60362671,2026-04-27T14:06:13.571558902Z,CDC018822747024BEAFD10A45ABECC7AC19CBAB0,CDC018…BAB0
60362672,2026-04-27T14:06:14.442155529Z,66B69666EBF776E7EBCBE197ABA466A712E27076,66B696…7076
60362673,2026-04-27T14:06:15.414652052Z,95B002DE67707313D123D06492F1A7A58478E546,95B002…E546
60362674,2026-04-27T14:06:16.669288492Z,CB5A63B91E8F4EE8DB935942CBE25724636479E0,CB5A63…79E0
60362675,2026-04-27T14:06:17.650416285Z,72B1489EFB57A680577A838A5BAAEBE162A7C802,72B148…C802
60362676,2026-04-27T14:06:18.987526701Z,97AFE45395B74E784C88D45E5CCA2995019FAE08,97AFE4…AE08
60362677,2026-04-27T14:06:19.93254578Z,39327692C258A57970EF53F0AA4D3C00F95988B8,393276…88B8
60362678,2026-04-27T14:06:20.865659108Z,C71EF3C044998473B4CECCAE99771976F198D4A5,C71EF3…D4A5
60362679,2026-04-27T14:06:22.904364202Z,943547CACB29C55797E121ACB4E586C49D9D39FD,943547…39FD
60362680,2026-04-27T14:06:23.70931285Z,A9C4E0E2AF00183DA11434ED413219905E9A868D,A9C4E0…868D
60362681,2026-04-27T14:06:24.52608637Z,17386B308EF9670CDD412FB2F3C09C5B875FB8B8,17386B…B8B8
60362682,2026-04-27T14:06:25.608996829Z,966FD89B1DB51535F2D898CF9B0F14DA374EFB96,966FD8…FB96
60362683,2026-04-27T14:06:26.555040631Z,D24B7A32413338C2AA26FC0016D91FBE73BB5EAE,D24B7A…5EAE
60362684,2026-04-27T14:06:27.499404289Z,26F7777BD52918AE71801022B0E2DEED97DDD504,26F777…D504
60362685,2026-04-27T14:06:28.332877158Z,CB5A63B91E8F4EE8DB935942CBE25724636479E0,CB5A63…79E0
60362686,2026-04-27T14:06:29.130176245Z,7341E970B9B3EFF82B2060D3469FC50D7AF04146,7341E9…4146
60362687,2026-04-27T14:06:30.119677103Z,E08FBA0FE999707D1496BAAB743EAB27784DC1C5,E08FBA…C1C5
60362688,2026-04-27T14:06:31.075123645Z,46DEA137CFB10BC419B2577AA9A58718680E18BA,46DEA1…18BA
60362689,2026-04-27T14:06:31.927670003Z,9F8EC2EF581CE25630C819F19B5484039E748D1A,9F8EC2…8D1A
60362690,2026-04-27T14:06:32.780013237Z,66B69666EBF776E7EBCBE197ABA466A712E27076,66B696…7076
60362691,2026-04-27T14:06:33.647504534Z,C8969171F9B5A3354C712A20F007CDE0648C990F,C89691…990F
60362692,2026-04-27T14:06:35.057620498Z,0A70912D18E13D78CB32E6322A4E57F861E6C3C8,0A7091…C3C8
60362693,2026-04-27T14:06:35.893640907Z,4E154C9288E31436BA814DD92D17C4ED6CEFD3F1,4E154C…D3F1
60362694,2026-04-27T14:06:36.670202291Z,C9E615289D1D92E50292C3B0BD8358D9B2E40290,C9E615…0290
60362695,2026-04-27T14:06:37.587736715Z,C71EF3C044998473B4CECCAE99771976F198D4A5,C71EF3…D4A5
60362696,2026-04-27T14:06:39.632046308Z,CB5A63B91E8F4EE8DB935942CBE25724636479E0,CB5A63…79E0
60362697,2026-04-27T14:06:40.511010779Z,19EC0A155A5BE755E76D0059EF730EBCA122B4F1,19EC0A…B4F1
60362698,2026-04-27T14:06:41.348394784Z,9CBEC8CBD4ED3AAD4BB2B0346EFC86A6C41F9160,9CBEC8…9160
60362699,2026-04-27T14:06:42.198338413Z,9D0281786872D3BBE53C58FBECA118D86FA82177,9D0281…2177
60362700,2026-04-27T14:06:44.196866838Z,99063B919404B6950A79A6A31E370378FE07020D,99063B…020D
60362701,2026-04-27T14:06:44.980586378Z,6239A498C22DF3EC3FB0CA2F96D15535F6F3387A,6239A4…387A
60362702,2026-04-27T14:06:45.894409758Z,F9A968A405FB0429410AE5165E5F2193271E678A,F9A968…678A
60362703,2026-04-27T14:06:47.895331709Z,901FD122CC512EF13DE8E1A3D7953BFDDC0786D6,901FD1…86D6
60362704,2026-04-27T14:06:48.702380237Z,51D7D05A659208A6576190AEBBE8F07603851515,51D7D0…1515
60362705,2026-04-27T14:06:49.56141887Z,CDC018822747024BEAFD10A45ABECC7AC19CBAB0,CDC018…BAB0
60362706,2026-04-27T14:06:50.364745991Z,06F45C36FCB957E55D923A6D4E905C2D715115AD,06F45C…15AD
60362707,2026-04-27T14:06:51.179481857Z,CB5A63B91E8F4EE8DB935942CBE25724636479E0,CB5A63…79E0
60362708,2026-04-27T14:06:52.048596324Z,66B69666EBF776E7EBCBE197ABA466A712E27076,66B696…7076
60362709,2026-04-27T14:06:52.908006444Z,17386B308EF9670CDD412FB2F3C09C5B875FB8B8,17386B…B8B8
60362710,2026-04-27T14:06:53.969835441Z,16A169951A878247DBE258FDDC71638F6606D156,16A169…D156
60362711,2026-04-27T14:06:54.914138112Z,5F999A4BE254869925A7F2FEA04D7B3B836CFF0B,5F999A…FF0B
60362712,2026-04-27T14:06:55.751159202Z,72B1489EFB57A680577A838A5BAAEBE162A7C802,72B148…C802
60362713,2026-04-27T14:07:00.455972139Z,72B1489EFB57A680577A838A5BAAEBE162A7C802,72B148…C802
60362714,2026-04-27T14:07:01.342596294Z,AB55E9D9EA6B589C3E9EF7D84458285EC28CE5E9,AB55E9…E5E9
60362715,2026-04-27T14:07:02.251738564Z,C8969171F9B5A3354C712A20F007CDE0648C990F,C89691…990F
60362716,2026-04-27T14:07:03.124858036Z,41B543E91479A95CD5CA9F109C26DFAC149126FA,41B543…26FA
60362717,2026-04-27T14:07:03.97340201Z,2022FE8CC49E48630C76160E11A880459219D244,2022FE…D244
60362718,2026-04-27T14:07:04.910951483Z,CB5A63B91E8F4EE8DB935942CBE25724636479E0,CB5A63…79E0
60362719,2026-04-27T14:07:05.751131235Z,0F8C8B45D09F25CD279CFA53C01B9BA7A3FC616E,0F8C8B…616E
60362720,2026-04-27T14:07:06.662702994Z,39327692C258A57970EF53F0AA4D3C00F95988B8,393276…88B8
60362721,2026-04-27T14:07:07.646909549Z,7EDB006522610C58283E30644A14F27BCC0D32ED,7EDB00…32ED
60362722,2026-04-27T14:07:08.527775991Z,8B1D5676F4C0C871A0C7864850D451D6A8AC8E3B,8B1D56…8E3B
60362723,2026-04-27T14:07:09.445917456Z,6E705424231DCEEC337EB451BC4C1D2C5FBA48C9,6E7054…48C9
60362724,2026-04-27T14:07:10.398075217Z,66B69666EBF776E7EBCBE197ABA466A712E27076,66B696…7076
60362725,2026-04-27T14:07:11.291791899Z,D24B7A32413338C2AA26FC0016D91FBE73BB5EAE,D24B7A…5EAE
60362726,2026-04-27T14:07:12.16450399Z,97AFE45395B74E784C88D45E5CCA2995019FAE08,97AFE4…AE08
60362727,2026-04-27T14:07:13.013264326Z,7D53D76F2DB86BE30A9B26CADEA69078531AB9BB,7D53D7…B9BB
60362728,2026-04-27T14:07:13.878806496Z,4D5ED32FFAA70B269E78400BA7DA12B8D5974BE7,4D5ED3…4BE7
60362729,2026-04-27T14:07:14.795971505Z,CB5A63B91E8F4EE8DB935942CBE25724636479E0,CB5A63…79E0
60362730,2026-04-27T14:07:15.643478537Z,C71EF3C044998473B4CECCAE99771976F198D4A5,C71EF3…D4A5
60362731,2026-04-27T14:07:17.723140588Z,17386B308EF9670CDD412FB2F3C09C5B875FB8B8,17386B…B8B8
60362732,2026-04-27T14:07:18.733398914Z,7341E970B9B3EFF82B2060D3469FC50D7AF04146,7341E9…4146
60362733,2026-04-27T14:07:22.42780795Z,7341E970B9B3EFF82B2060D3469FC50D7AF04146,7341E9…4146
60362734,2026-04-27T14:07:23.410732181Z,583AE736E67DF9D72FE87B9AA7D3210D3B4B0E5A,583AE7…0E5A
60362735,2026-04-27T14:07:24.251713265Z,95B002DE67707313D123D06492F1A7A58478E546,95B002…E546
60362736,2026-04-27T14:07:25.100659024Z,4B56B7D3FB47183A3CED7AE24C9AA0F0DEB0BB04,4B56B7…BB04
60362737,2026-04-27T14:07:26.098086406Z,CDC018822747024BEAFD10A45ABECC7AC19CBAB0,CDC018…BAB0
60362738,2026-04-27T14:07:26.931497012Z,E08FBA0FE999707D1496BAAB743EAB27784DC1C5,E08FBA…C1C5
60362739,2026-04-27T14:07:27.901897685Z,C8969171F9B5A3354C712A20F007CDE0648C990F,C89691…990F
60362740,2026-04-27T14:07:28.787391369Z,CB5A63B91E8F4EE8DB935942CBE25724636479E0,CB5A63…79E0
60362741,2026-04-27T14:07:29.633710127Z,66B69666EBF776E7EBCBE197ABA466A712E27076,66B696…7076
60362742,2026-04-27T14:07:30.566426791Z,26F7777BD52918AE71801022B0E2DEED97DDD504,26F777…D504
60362743,2026-04-27T14:07:31.466707382Z,0CEB917DE4DF1C4B4F8EDFC4ACE6FD6D39F1E61E,0CEB91…E61E
60362744,2026-04-27T14:07:32.34016844Z,51D7D05A659208A6576190AEBBE8F07603851515,51D7D0…1515
60362745,2026-04-27T14:07:33.207897102Z,F9A968A405FB0429410AE5165E5F2193271E678A,F9A968…678A
60362746,2026-04-27T14:07:35.139860126Z,C71EF3C044998473B4CECCAE99771976F198D4A5,C71EF3…D4A5
60362747,2026-04-27T14:07:37.177954121Z,19EC0A155A5BE755E76D0059EF730EBCA122B4F1,19EC0A…B4F1
60362748,2026-04-27T14:07:38.064573208Z,9CBEC8CBD4ED3AAD4BB2B0346EFC86A6C41F9160,9CBEC8…9160
60362749,2026-04-27T14:07:38.976282675Z,9D0281786872D3BBE53C58FBECA118D86FA82177,9D0281…2177
60362750,2026-04-27T14:07:40.976067626Z,99063B919404B6950A79A6A31E370378FE07020D,99063B…020D
60362751,2026-04-27T14:07:41.799389728Z,CB5A63B91E8F4EE8DB935942CBE25724636479E0,CB5A63…79E0
60362752,2026-04-27T14:07:42.657618191Z,72B1489EFB57A680577A838A5BAAEBE162A7C802,72B148…C802
60362753,2026-04-27T14:07:43.574627564Z,46DEA137CFB10BC419B2577AA9A58718680E18BA,46DEA1…18BA
60362754,2026-04-27T14:07:44.390687729Z,E06DADEB413829558F7C95339FFB61499C5A1BB9,E06DAD…1BB9
60362755,2026-04-27T14:07:45.222219277Z,17386B308EF9670CDD412FB2F3C09C5B875FB8B8,17386B…B8B8
60362756,2026-04-27T14:07:46.223166972Z,04C83AA20F7563BBCBCF6AA150EF6B0C81808DAA,04C83A…8DAA
60362757,2026-04-27T14:07:47.287474567Z,66B69666EBF776E7EBCBE197ABA466A712E27076,66B696…7076
60362758,2026-04-27T14:07:48.181826145Z,0614088C41E6A85FB5BF344552A5120E5A0139FC,061408…39FC
60362759,2026-04-27T14:07:49.011992228Z,2022FE8CC49E48630C76160E11A880459219D244,2022FE…D244
60362760,2026-04-27T14:07:50.154922157Z,0C438AB31C0ACFB5D301F98DB678B6C9CE217E04,0C438A…7E04
60362761,2026-04-27T14:07:50.974289492Z,CB5A63B91E8F4EE8DB935942CBE25724636479E0,CB5A63…79E0
60362762,2026-04-27T14:07:51.806563756Z,C71EF3C044998473B4CECCAE99771976F198D4A5,C71EF3…D4A5
60362763,2026-04-27T14:07:53.984164987Z,C8969171F9B5A3354C712A20F007CDE0648C990F,C89691…990F
60362764,2026-04-27T14:07:54.833068458Z,39327692C258A57970EF53F0AA4D3C00F95988B8,393276…88B8
60362765,2026-04-27T14:07:55.832011418Z,D24B7A32413338C2AA26FC0016D91FBE73BB5EAE,D24B7A…5EAE
60362766,2026-04-27T14:07:56.774603053Z,5F999A4BE254869925A7F2FEA04D7B3B836CFF0B,5F999A…FF0B
60362767,2026-04-27T14:07:57.620940394Z,C9E615289D1D92E50292C3B0BD8358D9B2E40290,C9E615…0290
60362768,2026-04-27T14:07:58.487949309Z,CDC018822747024BEAFD10A45ABECC7AC19CBAB0,CDC018…BAB0
60362769,2026-04-27T14:07:59.349311859Z,68A393C7ED496871150C0A7CAD0CAC09B8E458FB,68A393…58FB
60362770,2026-04-27T14:08:01.457247013Z,943547CACB29C55797E121ACB4E586C49D9D39FD,943547…39FD
60362771,2026-04-27T14:08:02.246823466Z,16A169951A878247DBE258FDDC71638F6606D156,16A169…D156
60362772,2026-04-27T14:08:03.156574368Z,CB5A63B91E8F4EE8DB935942CBE25724636479E0,CB5A63…79E0
60362773,2026-04-27T14:08:04.027544585Z,0A70912D18E13D78CB32E6322A4E57F861E6C3C8,0A7091…C3C8
60362774,2026-04-27T14:08:04.843109897Z,66B69666EBF776E7EBCBE197ABA466A712E27076,66B696…7076
60362775,2026-04-27T14:08:05.694243784Z,97AFE45395B74E784C88D45E5CCA2995019FAE08,97AFE4…AE08
60362776,2026-04-27T14:08:06.510313022Z,901FD122CC512EF13DE8E1A3D7953BFDDC0786D6,901FD1…86D6
60362777,2026-04-27T14:08:07.297045567Z,7341E970B9B3EFF82B2060D3469FC50D7AF04146,7341E9…4146
60362778,2026-04-27T14:08:08.19413134Z,C71EF3C044998473B4CECCAE99771976F198D4A5,C71EF3…D4A5
60362779,2026-04-27T14:08:12.834657801Z,17386B308EF9670CDD412FB2F3C09C5B875FB8B8,17386B…B8B8
60362780,2026-04-27T14:08:17.643117864Z,17386B308EF9670CDD412FB2F3C09C5B875FB8B8,17386B…B8B8
60362781,2026-04-27T14:08:18.725959606Z,7EDB006522610C58283E30644A14F27BCC0D32ED,7EDB00…32ED
60362782,2026-04-27T14:08:19.556009237Z,51D7D05A659208A6576190AEBBE8F07603851515,51D7D0…1515
60362783,2026-04-27T14:08:20.439028991Z,966FD89B1DB51535F2D898CF9B0F14DA374EFB96,966FD8…FB96
60362784,2026-04-27T14:08:21.419483419Z,CB5A63B91E8F4EE8DB935942CBE25724636479E0,CB5A63…79E0
60362785,2026-04-27T14:08:22.300600908Z,E08FBA0FE999707D1496BAAB743EAB27784DC1C5,E08FBA…C1C5
60362786,2026-04-27T14:08:23.319878098Z,F9A968A405FB0429410AE5165E5F2193271E678A,F9A968…678A
60362787,2026-04-27T14:08:25.335088746Z,C8969171F9B5A3354C712A20F007CDE0648C990F,C89691…990F
60362788,2026-04-27T14:08:26.157169671Z,06F45C36FCB957E55D923A6D4E905C2D715115AD,06F45C…15AD
60362789,2026-04-27T14:08:27.00784623Z,72B1489EFB57A680577A838A5BAAEBE162A7C802,72B148…C802
60362790,2026-04-27T14:08:27.951723403Z,9F8EC2EF581CE25630C819F19B5484039E748D1A,9F8EC2…8D1A
60362791,2026-04-27T14:08:28.762994309Z,66B69666EBF776E7EBCBE197ABA466A712E27076,66B696…7076
60362792,2026-04-27T14:08:29.659688001Z,76F706AE73A8251652BC72CB801E4294E2135AFB,76F706…5AFB
60362793,2026-04-27T14:08:30.796145597Z,0F8C8B45D09F25CD279CFA53C01B9BA7A3FC616E,0F8C8B…616E
60362794,2026-04-27T14:08:31.818370568Z,95B002DE67707313D123D06492F1A7A58478E546,95B002…E546
60362795,2026-04-27T14:08:32.672521397Z,CB5A63B91E8F4EE8DB935942CBE25724636479E0,CB5A63…79E0
60362796,2026-04-27T14:08:33.496158995Z,AB55E9D9EA6B589C3E9EF7D84458285EC28CE5E9,AB55E9…E5E9
60362797,2026-04-27T14:08:34.406981753Z,26F7777BD52918AE71801022B0E2DEED97DDD504,26F777…D504
60362798,2026-04-27T14:08:39.002406298Z,26F7777BD52918AE71801022B0E2DEED97DDD504,26F777…D504
60362799,2026-04-27T14:08:39.895549285Z,19EC0A155A5BE755E76D0059EF730EBCA122B4F1,19EC0A…B4F1
60362800,2026-04-27T14:08:40.734657295Z,CDC018822747024BEAFD10A45ABECC7AC19CBAB0,CDC018…BAB0
60362801,2026-04-27T14:08:41.541128123Z,9CBEC8CBD4ED3AAD4BB2B0346EFC86A6C41F9160,9CBEC8…9160
60362802,2026-04-27T14:08:42.373229514Z,4B56B7D3FB47183A3CED7AE24C9AA0F0DEB0BB04,4B56B7…BB04
60362803,2026-04-27T14:08:46.038820113Z,4B56B7D3FB47183A3CED7AE24C9AA0F0DEB0BB04,4B56B7…BB04
60362804,2026-04-27T14:08:47.048504651Z,9D0281786872D3BBE53C58FBECA118D86FA82177,9D0281…2177
60362805,2026-04-27T14:08:49.047246819Z,17386B308EF9670CDD412FB2F3C09C5B875FB8B8,17386B…B8B8
60362806,2026-04-27T14:08:50.14698232Z,CB5A63B91E8F4EE8DB935942CBE25724636479E0,CB5A63…79E0
60362807,2026-04-27T14:08:51.035051616Z,99063B919404B6950A79A6A31E370378FE07020D,99063B…020D
60362808,2026-04-27T14:08:51.85857444Z,2022FE8CC49E48630C76160E11A880459219D244,2022FE…D244
60362809,2026-04-27T14:08:52.818170971Z,39327692C258A57970EF53F0AA4D3C00F95988B8,393276…88B8
60362810,2026-04-27T14:08:53.779837317Z,66B69666EBF776E7EBCBE197ABA466A712E27076,66B696…7076
60362811,2026-04-27T14:08:54.638305138Z,D24B7A32413338C2AA26FC0016D91FBE73BB5EAE,D24B7A…5EAE
60362812,2026-04-27T14:08:55.550308073Z,6239A498C22DF3EC3FB0CA2F96D15535F6F3387A,6239A4…387A
60362813,2026-04-27T14:08:56.510300717Z,C8969171F9B5A3354C712A20F007CDE0648C990F,C89691…990F
60362814,2026-04-27T14:08:57.342995714Z,583AE736E67DF9D72FE87B9AA7D3210D3B4B0E5A,583AE7…0E5A
60362815,2026-04-27T14:08:58.198467363Z,6E705424231DCEEC337EB451BC4C1D2C5FBA48C9,6E7054…48C9
60362816,2026-04-27T14:09:01.948044041Z,6E705424231DCEEC337EB451BC4C1D2C5FBA48C9,6E7054…48C9
60362817,2026-04-27T14:09:02.847072458Z,CB5A63B91E8F4EE8DB935942CBE25724636479E0,CB5A63…79E0
60362818,2026-04-27T14:09:03.719750928Z,46DEA137CFB10BC419B2577AA9A58718680E18BA,46DEA1…18BA
60362819,2026-04-27T14:09:04.493814625Z,DA4AF19A378C09B54C26C3467CB0ADF889292954,DA4AF1…2954
60362820,2026-04-27T14:09:05.315417666Z,5F999A4BE254869925A7F2FEA04D7B3B836CFF0B,5F999A…FF0B
60362821,2026-04-27T14:09:06.168887175Z,51D7D05A659208A6576190AEBBE8F07603851515,51D7D0…1515
60362822,2026-04-27T14:09:07.29866365Z,7341E970B9B3EFF82B2060D3469FC50D7AF04146,7341E9…4146
60362823,2026-04-27T14:09:08.249441816Z,F0C8B6ADDAF7CC4ECE57086607A9A0C7EA6275E0,F0C8B6…75E0
60362824,2026-04-27T14:09:09.041020172Z,97AFE45395B74E784C88D45E5CCA2995019FAE08,97AFE4…AE08
60362825,2026-04-27T14:09:09.876346947Z,66B69666EBF776E7EBCBE197ABA466A712E27076,66B696…7076
60362826,2026-04-27T14:09:10.734551741Z,72B1489EFB57A680577A838A5BAAEBE162A7C802,72B148…C802
60362827,2026-04-27T14:09:11.661350316Z,CB5A63B91E8F4EE8DB935942CBE25724636479E0,CB5A63…79E0
60362828,2026-04-27T14:09:12.531569175Z,F9A968A405FB0429410AE5165E5F2193271E678A,F9A968…678A
60362829,2026-04-27T14:09:14.511671898Z,17386B308EF9670CDD412FB2F3C09C5B875FB8B8,17386B…B8B8
60362830,2026-04-27T14:09:15.509355018Z,C71EF3C044998473B4CECCAE99771976F198D4A5,C71EF3…D4A5
60362831,2026-04-27T14:09:17.581649237Z,CDC018822747024BEAFD10A45ABECC7AC19CBAB0,CDC018…BAB0
60362832,2026-04-27T14:09:18.466647547Z,7D53D76F2DB86BE30A9B26CADEA69078531AB9BB,7D53D7…B9BB
60362833,2026-04-27T14:09:19.321477241Z,16A169951A878247DBE258FDDC71638F6606D156,16A169…D156
60362834,2026-04-27T14:09:20.248384671Z,C8969171F9B5A3354C712A20F007CDE0648C990F,C89691…990F
60362835,2026-04-27T14:09:21.135065416Z,E08FBA0FE999707D1496BAAB743EAB27784DC1C5,E08FBA…C1C5
60362836,2026-04-27T14:09:22.108084762Z,A9C4E0E2AF00183DA11434ED413219905E9A868D,A9C4E0…868D
60362837,2026-04-27T14:09:22.963667244Z,C9E615289D1D92E50292C3B0BD8358D9B2E40290,C9E615…0290
60362838,2026-04-27T14:09:23.841211195Z,CB5A63B91E8F4EE8DB935942CBE25724636479E0,CB5A63…79E0
60362839,2026-04-27T14:09:24.700844711Z,7EDB006522610C58283E30644A14F27BCC0D32ED,7EDB00…32ED
60362840,2026-04-27T14:09:25.534626851Z,9CBF2EFFD5570B3A9A41346244757CDA3E18D401,9CBF2E…D401
60362841,2026-04-27T14:09:26.531691291Z,04C83AA20F7563BBCBCF6AA150EF6B0C81808DAA,04C83A…8DAA
60362842,2026-04-27T14:09:27.605879971Z,66B69666EBF776E7EBCBE197ABA466A712E27076,66B696…7076
60362843,2026-04-27T14:09:28.510242804Z,B15069E41B1A60FF03AE8D8F741F78C7B1144FBE,B15069…4FBE
60362844,2026-04-27T14:09:29.44777901Z,D24B7A32413338C2AA26FC0016D91FBE73BB5EAE,D24B7A…5EAE
60362845,2026-04-27T14:09:30.378592379Z,39327692C258A57970EF53F0AA4D3C00F95988B8,393276…88B8
60362846,2026-04-27T14:09:31.323168099Z,C71EF3C044998473B4CECCAE99771976F198D4A5,C71EF3…D4A5
60362847,2026-04-27T14:09:33.331052032Z,2022FE8CC49E48630C76160E11A880459219D244,2022FE…D244
60362848,2026-04-27T14:09:34.333708064Z,9CBEC8CBD4ED3AAD4BB2B0346EFC86A6C41F9160,9CBEC8…9160
60362849,2026-04-27T14:09:35.17733508Z,CB5A63B91E8F4EE8DB935942CBE25724636479E0,CB5A63…79E0
60362850,2026-04-27T14:09:36.060629086Z,19EC0A155A5BE755E76D0059EF730EBCA122B4F1,19EC0A…B4F1
60362851,2026-04-27T14:09:36.912150777Z,26F7777BD52918AE71801022B0E2DEED97DDD504,26F777…D504
60362852,2026-04-27T14:09:37.840062283Z,9D0281786872D3BBE53C58FBECA118D86FA82177,9D0281…2177
60362853,2026-04-27T14:09:39.818947147Z,17386B308EF9670CDD412FB2F3C09C5B875FB8B8,17386B…B8B8
60362854,2026-04-27T14:09:40.830779726Z,95B002DE67707313D123D06492F1A7A58478E546,95B002…E546
60362855,2026-04-27T14:09:41.67212942Z,901FD122CC512EF13DE8E1A3D7953BFDDC0786D6,901FD1…86D6
60362856,2026-04-27T14:09:42.514171714Z,99063B919404B6950A79A6A31E370378FE07020D,99063B…020D
60362857,2026-04-27T14:09:43.36501188Z,C8969171F9B5A3354C712A20F007CDE0648C990F,C89691…990F
60362858,2026-04-27T14:09:44.208243231Z,0CEB917DE4DF1C4B4F8EDFC4ACE6FD6D39F1E61E,0CEB91…E61E
60362859,2026-04-27T14:09:45.073975532Z,66B69666EBF776E7EBCBE197ABA466A712E27076,66B696…7076
60362860,2026-04-27T14:09:45.981922875Z,CB5A63B91E8F4EE8DB935942CBE25724636479E0,CB5A63…79E0
60362861,2026-04-27T14:09:46.827989212Z,0A70912D18E13D78CB32E6322A4E57F861E6C3C8,0A7091…C3C8
60362862,2026-04-27T14:09:47.671292749Z,51D7D05A659208A6576190AEBBE8F07603851515,51D7D0…1515
60362863,2026-04-27T14:09:48.490352237Z,CDC018822747024BEAFD10A45ABECC7AC19CBAB0,CDC018…BAB0
60362864,2026-04-27T14:09:49.317869357Z,72B1489EFB57A680577A838A5BAAEBE162A7C802,72B148…C802
60362865,2026-04-27T14:09:53.082465782Z,72B1489EFB57A680577A838A5BAAEBE162A7C802,72B148…C802
60362866,2026-04-27T14:09:54.011795203Z,943547CACB29C55797E121ACB4E586C49D9D39FD,943547…39FD
60362867,2026-04-27T14:09:54.794569353Z,4B56B7D3FB47183A3CED7AE24C9AA0F0DEB0BB04,4B56B7…BB04
60362868,2026-04-27T14:09:55.761733344Z,7341E970B9B3EFF82B2060D3469FC50D7AF04146,7341E9…4146
60362869,2026-04-27T14:09:59.459844475Z,7341E970B9B3EFF82B2060D3469FC50D7AF04146,7341E9…4146
60362870,2026-04-27T14:10:00.414876491Z,0F8C8B45D09F25CD279CFA53C01B9BA7A3FC616E,0F8C8B…616E
60362871,2026-04-27T14:10:01.539152547Z,CB5A63B91E8F4EE8DB935942CBE25724636479E0,CB5A63…79E0
60362872,2026-04-27T14:10:02.428549048Z,F9A968A405FB0429410AE5165E5F2193271E678A,F9A968…678A
60362873,2026-04-27T14:10:04.41303229Z,06F45C36FCB957E55D923A6D4E905C2D715115AD,06F45C…15AD
60362874,2026-04-27T14:10:05.242268901Z,63481F6DCAAF733D2FC953A335C2200EE190862C,63481F…862C
60362875,2026-04-27T14:10:06.240720229Z,7E11ED7DD06FAE7B0BEDB469721151F2F31CBB6A,7E11ED…BB6A
60362876,2026-04-27T14:10:07.37031761Z,66B69666EBF776E7EBCBE197ABA466A712E27076,66B696…7076
60362877,2026-04-27T14:10:08.227937432Z,97AFE45395B74E784C88D45E5CCA2995019FAE08,97AFE4…AE08
60362878,2026-04-27T14:10:09.074264489Z,17386B308EF9670CDD412FB2F3C09C5B875FB8B8,17386B…B8B8
60362879,2026-04-27T14:10:10.086209649Z,AB55E9D9EA6B589C3E9EF7D84458285EC28CE5E9,AB55E9…E5E9
60362880,2026-04-27T14:10:10.991680465Z,5F999A4BE254869925A7F2FEA04D7B3B836CFF0B,5F999A…FF0B
60362881,2026-04-27T14:10:11.852823123Z,C71EF3C044998473B4CECCAE99771976F198D4A5,C71EF3…D4A5
60362882,2026-04-27T14:10:13.860989513Z,C8969171F9B5A3354C712A20F007CDE0648C990F,C89691…990F
60362883,2026-04-27T14:10:15.907611227Z,CB5A63B91E8F4EE8DB935942CBE25724636479E0,CB5A63…79E0
60362884,2026-04-27T14:10:16.756007227Z,966FD89B1DB51535F2D898CF9B0F14DA374EFB96,966FD8…FB96
60362885,2026-04-27T14:10:17.665857105Z,583AE736E67DF9D72FE87B9AA7D3210D3B4B0E5A,583AE7…0E5A
60362886,2026-04-27T14:10:18.50625149Z,E08FBA0FE999707D1496BAAB743EAB27784DC1C5,E08FBA…C1C5
60362887,2026-04-27T14:10:19.487833018Z,46DEA137CFB10BC419B2577AA9A58718680E18BA,46DEA1…18BA
60362888,2026-04-27T14:10:20.308765216Z,D24B7A32413338C2AA26FC0016D91FBE73BB5EAE,D24B7A…5EAE
60362889,2026-04-27T14:10:21.209637052Z,39327692C258A57970EF53F0AA4D3C00F95988B8,393276…88B8
60362890,2026-04-27T14:10:22.143482698Z,6E705424231DCEEC337EB451BC4C1D2C5FBA48C9,6E7054…48C9
60362891,2026-04-27T14:10:23.179082707Z,0C438AB31C0ACFB5D301F98DB678B6C9CE217E04,0C438A…7E04
60362892,2026-04-27T14:10:23.990421747Z,2022FE8CC49E48630C76160E11A880459219D244,2022FE…D244
60362893,2026-04-27T14:10:24.880016493Z,66B69666EBF776E7EBCBE197ABA466A712E27076,66B696…7076
60362894,2026-04-27T14:10:25.790129632Z,CB5A63B91E8F4EE8DB935942CBE25724636479E0,CB5A63…79E0
60362895,2026-04-27T14:10:26.592402776Z,CDC018822747024BEAFD10A45ABECC7AC19CBAB0,CDC018…BAB0
60362896,2026-04-27T14:10:27.420556894Z,16A169951A878247DBE258FDDC71638F6606D156,16A169…D156
60362897,2026-04-27T14:10:28.329074512Z,9F8EC2EF581CE25630C819F19B5484039E748D1A,9F8EC2…8D1A
60362898,2026-04-27T14:10:29.151176047Z,C71EF3C044998473B4CECCAE99771976F198D4A5,C71EF3…D4A5
60362899,2026-04-27T14:10:31.250230148Z,7EDB006522610C58283E30644A14F27BCC0D32ED,7EDB00…32ED
60362900,2026-04-27T14:10:32.07767647Z,51D7D05A659208A6576190AEBBE8F07603851515,51D7D0…1515
60362901,2026-04-27T14:10:33.134459196Z,9CBEC8CBD4ED3AAD4BB2B0346EFC86A6C41F9160,9CBEC8…9160
60362902,2026-04-27T14:10:33.95117148Z,17386B308EF9670CDD412FB2F3C09C5B875FB8B8,17386B…B8B8
60362903,2026-04-27T14:10:35.016281182Z,72B1489EFB57A680577A838A5BAAEBE162A7C802,72B148…C802
60362904,2026-04-27T14:10:36.001396738Z,19EC0A155A5BE755E76D0059EF730EBCA122B4F1,19EC0A…B4F1
60362905,2026-04-27T14:10:36.85404369Z,CB5A63B91E8F4EE8DB935942CBE25724636479E0,CB5A63…79E0
60362906,2026-04-27T14:10:37.750995662Z,C8969171F9B5A3354C712A20F007CDE0648C990F,C89691…990F
60362907,2026-04-27T14:10:38.602783397Z,9D0281786872D3BBE53C58FBECA118D86FA82177,9D0281…2177
60362908,2026-04-27T14:10:40.647549365Z,6239A498C22DF3EC3FB0CA2F96D15535F6F3387A,6239A4…387A
60362909,2026-04-27T14:10:41.556131396Z,26F7777BD52918AE71801022B0E2DEED97DDD504,26F777…D504
60362910,2026-04-27T14:10:42.38704822Z,66B69666EBF776E7EBCBE197ABA466A712E27076,66B696…7076
60362911,2026-04-27T14:10:43.252937136Z,99063B919404B6950A79A6A31E370378FE07020D,99063B…020D
60362912,2026-04-27T14:10:44.081998703Z,C9E615289D1D92E50292C3B0BD8358D9B2E40290,C9E615…0290
60362913,2026-04-27T14:10:44.968461788Z,95B002DE67707313D123D06492F1A7A58478E546,95B002…E546
60362914,2026-04-27T14:10:45.814815708Z,F9A968A405FB0429410AE5165E5F2193271E678A,F9A968…678A
60362915,2026-04-27T14:10:47.776570351Z,C71EF3C044998473B4CECCAE99771976F198D4A5,C71EF3…D4A5
60362916,2026-04-27T14:10:49.827745638Z,CB5A63B91E8F4EE8DB935942CBE25724636479E0,CB5A63…79E0
60362917,2026-04-27T14:10:50.667451433Z,7341E970B9B3EFF82B2060D3469FC50D7AF04146,7341E9…4146
60362918,2026-04-27T14:10:51.589919977Z,68A393C7ED496871150C0A7CAD0CAC09B8E458FB,68A393…58FB
60362919,2026-04-27T14:10:53.653031632Z,241921D9DC8A60B1D2D1C691FEF2D6ADF55719EA,241921…19EA
60362920,2026-04-27T14:10:54.712481763Z,4D5ED32FFAA70B269E78400BA7DA12B8D5974BE7,4D5ED3…4BE7
60362921,2026-04-27T14:10:55.612795518Z,899A1AE389C846D37B3804342A1BE87123C25E29,899A1A…5E29
60362922,2026-04-27T14:10:56.572292183Z,69D94B2FD06B4B80747CB40C97F23B7E2C8D93E6,69D94B…93E6
60362923,2026-04-27T14:10:57.397085994Z,97AFE45395B74E784C88D45E5CCA2995019FAE08,97AFE4…AE08
60362924,2026-04-27T14:10:58.255559828Z,CDC018822747024BEAFD10A45ABECC7AC19CBAB0,CDC018…BAB0
60362925,2026-04-27T14:10:59.089662364Z,CB5A63B91E8F4EE8DB935942CBE25724636479E0,CB5A63…79E0
60362926,2026-04-27T14:10:59.973071735Z,17386B308EF9670CDD412FB2F3C09C5B875FB8B8,17386B…B8B8
60362927,2026-04-27T14:11:01.054538461Z,66B69666EBF776E7EBCBE197ABA466A712E27076,66B696…7076
60362928,2026-04-27T14:11:01.939570622Z,D24B7A32413338C2AA26FC0016D91FBE73BB5EAE,D24B7A…5EAE
60362929,2026-04-27T14:11:02.845650288Z,C8969171F9B5A3354C712A20F007CDE0648C990F,C89691…990F
60362930,2026-04-27T14:11:03.642404711Z,4B56B7D3FB47183A3CED7AE24C9AA0F0DEB0BB04,4B56B7…BB04
60362931,2026-04-27T14:11:04.615770495Z,C71EF3C044998473B4CECCAE99771976F198D4A5,C71EF3…D4A5
60362932,2026-04-27T14:11:06.716614558Z,04C83AA20F7563BBCBCF6AA150EF6B0C81808DAA,04C83A…8DAA
60362933,2026-04-27T14:11:07.782560953Z,39327692C258A57970EF53F0AA4D3C00F95988B8,393276…88B8
60362934,2026-04-27T14:11:08.687790877Z,E08FBA0FE999707D1496BAAB743EAB27784DC1C5,E08FBA…C1C5
60362935,2026-04-27T14:11:09.67358403Z,901FD122CC512EF13DE8E1A3D7953BFDDC0786D6,901FD1…86D6
60362936,2026-04-27T14:11:10.413284814Z,5F999A4BE254869925A7F2FEA04D7B3B836CFF0B,5F999A…FF0B
60362937,2026-04-27T14:11:11.295127029Z,CB5A63B91E8F4EE8DB935942CBE25724636479E0,CB5A63…79E0
60362938,2026-04-27T14:11:12.153781469Z,2022FE8CC49E48630C76160E11A880459219D244,2022FE…D244
60362939,2026-04-27T14:11:13.023992305Z,7D53D76F2DB86BE30A9B26CADEA69078531AB9BB,7D53D7…B9BB
60362940,2026-04-27T14:11:16.647013327Z,7D53D76F2DB86BE30A9B26CADEA69078531AB9BB,7D53D7…B9BB
60362941,2026-04-27T14:11:17.477993051Z,72B1489EFB57A680577A838A5BAAEBE162A7C802,72B148…C802
60362942,2026-04-27T14:11:18.382220332Z,51D7D05A659208A6576190AEBBE8F07603851515,51D7D0…1515
60362943,2026-04-27T14:11:19.369740641Z,66B69666EBF776E7EBCBE197ABA466A712E27076,66B696…7076
60362944,2026-04-27T14:11:20.278037885Z,0A70912D18E13D78CB32E6322A4E57F861E6C3C8,0A7091…C3C8
60362945,2026-04-27T14:11:21.114818294Z,0F8C8B45D09F25CD279CFA53C01B9BA7A3FC616E,0F8C8B…616E
60362946,2026-04-27T14:11:22.056447753Z,46DEA137CFB10BC419B2577AA9A58718680E18BA,46DEA1…18BA
60362947,2026-04-27T14:11:25.711663472Z,46DEA137CFB10BC419B2577AA9A58718680E18BA,46DEA1…18BA
60362948,2026-04-27T14:11:26.536156777Z,CB5A63B91E8F4EE8DB935942CBE25724636479E0,CB5A63…79E0
60362949,2026-04-27T14:11:27.395842815Z,C71EF3C044998473B4CECCAE99771976F198D4A5,C71EF3…D4A5
60362950,2026-04-27T14:11:29.400145204Z,17386B308EF9670CDD412FB2F3C09C5B875FB8B8,17386B…B8B8
60362951,2026-04-27T14:11:30.398327339Z,9CBEC8CBD4ED3AAD4BB2B0346EFC86A6C41F9160,9CBEC8…9160
60362952,2026-04-27T14:11:31.23869201Z,C8969171F9B5A3354C712A20F007CDE0648C990F,C89691…990F
60362953,2026-04-27T14:11:32.058832653Z,06F45C36FCB957E55D923A6D4E905C2D715115AD,06F45C…15AD
60362954,2026-04-27T14:11:32.90231513Z,19EC0A155A5BE755E76D0059EF730EBCA122B4F1,19EC0A…B4F1
60362955,2026-04-27T14:11:33.772796076Z,943547CACB29C55797E121ACB4E586C49D9D39FD,943547…39FD
60362956,2026-04-27T14:11:34.585545288Z,583AE736E67DF9D72FE87B9AA7D3210D3B4B0E5A,583AE7…0E5A
60362957,2026-04-27T14:11:35.420115377Z,16A169951A878247DBE258FDDC71638F6606D156,16A169…D156
60362958,2026-04-27T14:11:36.391238167Z,F9A968A405FB0429410AE5165E5F2193271E678A,F9A968…678A
60362959,2026-04-27T14:11:38.379629325Z,CB5A63B91E8F4EE8DB935942CBE25724636479E0,CB5A63…79E0
60362960,2026-04-27T14:11:39.231772345Z,CDC018822747024BEAFD10A45ABECC7AC19CBAB0,CDC018…BAB0
60362961,2026-04-27T14:11:40.050860744Z,9D0281786872D3BBE53C58FBECA118D86FA82177,9D0281…2177
60362962,2026-04-27T14:11:42.076643316Z,66B69666EBF776E7EBCBE197ABA466A712E27076,66B696…7076
60362963,2026-04-27T14:11:42.900547525Z,7EDB006522610C58283E30644A14F27BCC0D32ED,7EDB00…32ED
60362964,2026-04-27T14:11:43.713856245Z,7341E970B9B3EFF82B2060D3469FC50D7AF04146,7341E9…4146
60362965,2026-04-27T14:11:44.677903088Z,AB55E9D9EA6B589C3E9EF7D84458285EC28CE5E9,AB55E9…E5E9
60362966,2026-04-27T14:11:45.55579503Z,C71EF3C044998473B4CECCAE99771976F198D4A5,C71EF3…D4A5
60362967,2026-04-27T14:11:47.591046511Z,99063B919404B6950A79A6A31E370378FE07020D,99063B…020D
60362968,2026-04-27T14:11:48.392045605Z,26F7777BD52918AE71801022B0E2DEED97DDD504,26F777…D504
60362969,2026-04-27T14:11:49.298626885Z,D24B7A32413338C2AA26FC0016D91FBE73BB5EAE,D24B7A…5EAE
60362970,2026-04-27T14:11:50.220765997Z,CB5A63B91E8F4EE8DB935942CBE25724636479E0,CB5A63…79E0
60362971,2026-04-27T14:11:51.099036689Z,20EFE186DA91A00AC7F042CD6CB6A1E882C583C7,20EFE1…83C7
60362972,2026-04-27T14:11:52.200800911Z,8B1D5676F4C0C871A0C7864850D451D6A8AC8E3B,8B1D56…8E3B
60362973,2026-04-27T14:11:53.116918094Z,95B002DE67707313D123D06492F1A7A58478E546,95B002…E546
60362974,2026-04-27T14:11:53.979825484Z,39327692C258A57970EF53F0AA4D3C00F95988B8,393276…88B8
60362975,2026-04-27T14:11:54.965168314Z,17386B308EF9670CDD412FB2F3C09C5B875FB8B8,17386B…B8B8
60362976,2026-04-27T14:11:56.040579125Z,C8969171F9B5A3354C712A20F007CDE0648C990F,C89691…990F
60362977,2026-04-27T14:11:56.911396769Z,97AFE45395B74E784C88D45E5CCA2995019FAE08,97AFE4…AE08
60362978,2026-04-27T14:11:57.751065654Z,66B69666EBF776E7EBCBE197ABA466A712E27076,66B696…7076
60362979,2026-04-27T14:11:58.652905537Z,72B1489EFB57A680577A838A5BAAEBE162A7C802,72B148…C802
60362980,2026-04-27T14:11:59.622745083Z,6E705424231DCEEC337EB451BC4C1D2C5FBA48C9,6E7054…48C9
60362981,2026-04-27T14:12:00.580833761Z,CB5A63B91E8F4EE8DB935942CBE25724636479E0,CB5A63…79E0
60362982,2026-04-27T14:12:01.43718255Z,51D7D05A659208A6576190AEBBE8F07603851515,51D7D0…1515
60362983,2026-04-27T14:12:02.307289914Z,C71EF3C044998473B4CECCAE99771976F198D4A5,C71EF3…D4A5
60362984,2026-04-27T14:12:04.300609698Z,2022FE8CC49E48630C76160E11A880459219D244,2022FE…D244
60362985,2026-04-27T14:12:05.261559259Z,966FD89B1DB51535F2D898CF9B0F14DA374EFB96,966FD8…FB96
60362986,2026-04-27T14:12:06.237677807Z,E08FBA0FE999707D1496BAAB743EAB27784DC1C5,E08FBA…C1C5
60362987,2026-04-27T14:12:07.221777959Z,0CEB917DE4DF1C4B4F8EDFC4ACE6FD6D39F1E61E,0CEB91…E61E
60362988,2026-04-27T14:12:08.094200062Z,C9E615289D1D92E50292C3B0BD8358D9B2E40290,C9E615…0290
60362989,2026-04-27T14:12:08.970722332Z,CDC018822747024BEAFD10A45ABECC7AC19CBAB0,CDC018…BAB0
60362990,2026-04-27T14:12:09.806295042Z,3FF719F1664BEE93D482B480677C03A47EC0B643,3FF719…B643
60362991,2026-04-27T14:12:10.622876025Z,5F999A4BE254869925A7F2FEA04D7B3B836CFF0B,5F999A…FF0B
60362992,2026-04-27T14:12:11.514026653Z,CB5A63B91E8F4EE8DB935942CBE25724636479E0,CB5A63…79E0
60362993,2026-04-27T14:12:12.382356355Z,4B56B7D3FB47183A3CED7AE24C9AA0F0DEB0BB04,4B56B7…BB04
60362994,2026-04-27T14:12:13.366964863Z,66B69666EBF776E7EBCBE197ABA466A712E27076,66B696…7076
60362995,2026-04-27T14:12:14.311272398Z,A9C4E0E2AF00183DA11434ED413219905E9A868D,A9C4E0…868D
60362996,2026-04-27T14:12:15.147643992Z,9F8EC2EF581CE25630C819F19B5484039E748D1A,9F8EC2…8D1A
60362997,2026-04-27T14:12:15.987551489Z,96DA375D8A293F8F6580DA36EA2376CD89AB20C4,96DA37…20C4
60362998,2026-04-27T14:12:16.80713673Z,C71EF3C044998473B4CECCAE99771976F198D4A5,C71EF3…D4A5
60362999,2026-04-27T14:12:18.86048106Z,F9A968A405FB0429410AE5165E5F2193271E678A,F9A968…678A
60363000,2026-04-27T14:12:20.809622697Z,C8969171F9B5A3354C712A20F007CDE0648C990F,C89691…990F
60363001,2026-04-27T14:12:21.654746988Z,17386B308EF9670CDD412FB2F3C09C5B875FB8B8,17386B…B8B8
60363002,2026-04-27T14:12:22.635320607Z,CB5A63B91E8F4EE8DB935942CBE25724636479E0,CB5A63…79E0
60363003,2026-04-27T14:12:23.543549942Z,9CBEC8CBD4ED3AAD4BB2B0346EFC86A6C41F9160,9CBEC8…9160
60363004,2026-04-27T14:12:24.38336416Z,19EC0A155A5BE755E76D0059EF730EBCA122B4F1,19EC0A…B4F1
60363005,2026-04-27T14:12:25.270271224Z,7341E970B9B3EFF82B2060D3469FC50D7AF04146,7341E9…4146
60363006,2026-04-27T14:12:26.273664594Z,6239A498C22DF3EC3FB0CA2F96D15535F6F3387A,6239A4…387A
60363007,2026-04-27T14:12:29.971553148Z,6239A498C22DF3EC3FB0CA2F96D15535F6F3387A,6239A4…387A
60363008,2026-04-27T14:12:30.922244363Z,D24B7A32413338C2AA26FC0016D91FBE73BB5EAE,D24B7A…5EAE
60363009,2026-04-27T14:12:31.824092537Z,9D0281786872D3BBE53C58FBECA118D86FA82177,9D0281…2177
60363010,2026-04-27T14:12:33.842745361Z,901FD122CC512EF13DE8E1A3D7953BFDDC0786D6,901FD1…86D6
60363011,2026-04-27T14:12:34.626883646Z,66B69666EBF776E7EBCBE197ABA466A712E27076,66B696…7076
60363012,2026-04-27T14:12:35.53894876Z,46DEA137CFB10BC419B2577AA9A58718680E18BA,46DEA1…18BA
60363013,2026-04-27T14:12:36.379829674Z,CB5A63B91E8F4EE8DB935942CBE25724636479E0,CB5A63…79E0
60363014,2026-04-27T14:12:37.260752648Z,76F706AE73A8251652BC72CB801E4294E2135AFB,76F706…5AFB
60363015,2026-04-27T14:12:38.388644304Z,72B1489EFB57A680577A838A5BAAEBE162A7C802,72B148…C802
60363016,2026-04-27T14:12:39.31312896Z,C71EF3C044998473B4CECCAE99771976F198D4A5,C71EF3…D4A5
60363017,2026-04-27T14:12:41.360084334Z,99063B919404B6950A79A6A31E370378FE07020D,99063B…020D
60363018,2026-04-27T14:12:42.235509823Z,39327692C258A57970EF53F0AA4D3C00F95988B8,393276…88B8
60363019,2026-04-27T14:12:43.196056712Z,7EDB006522610C58283E30644A14F27BCC0D32ED,7EDB00…32ED
60363020,2026-04-27T14:12:44.002508136Z,04C83AA20F7563BBCBCF6AA150EF6B0C81808DAA,04C83A…8DAA
60363021,2026-04-27T14:12:45.10257369Z,16A169951A878247DBE258FDDC71638F6606D156,16A169…D156
60363022,2026-04-27T14:12:46.009830336Z,51D7D05A659208A6576190AEBBE8F07603851515,51D7D0…1515
60363023,2026-04-27T14:12:46.815118495Z,26F7777BD52918AE71801022B0E2DEED97DDD504,26F777…D504
60363024,2026-04-27T14:12:47.745120134Z,CDC018822747024BEAFD10A45ABECC7AC19CBAB0,CDC018…BAB0
60363025,2026-04-27T14:12:48.618653926Z,CB5A63B91E8F4EE8DB935942CBE25724636479E0,CB5A63…79E0
60363026,2026-04-27T14:12:49.474241935Z,C8969171F9B5A3354C712A20F007CDE0648C990F,C89691…990F
60363027,2026-04-27T14:12:50.26078519Z,17386B308EF9670CDD412FB2F3C09C5B875FB8B8,17386B…B8B8
60363028,2026-04-27T14:12:51.267052758Z,0F8C8B45D09F25CD279CFA53C01B9BA7A3FC616E,0F8C8B…616E
60363029,2026-04-27T14:12:52.294716451Z,2022FE8CC49E48630C76160E11A880459219D244,2022FE…D244
60363030,2026-04-27T14:12:53.586728293Z,66B69666EBF776E7EBCBE197ABA466A712E27076,66B696…7076
60363031,2026-04-27T14:12:54.49225301Z,97AFE45395B74E784C88D45E5CCA2995019FAE08,97AFE4…AE08
60363032,2026-04-27T14:12:55.33643842Z,0C438AB31C0ACFB5D301F98DB678B6C9CE217E04,0C438A…7E04
60363033,2026-04-27T14:12:56.16314276Z,583AE736E67DF9D72FE87B9AA7D3210D3B4B0E5A,583AE7…0E5A
60363034,2026-04-27T14:12:56.995779541Z,C71EF3C044998473B4CECCAE99771976F198D4A5,C71EF3…D4A5
60363035,2026-04-27T14:12:59.011226558Z,0A70912D18E13D78CB32E6322A4E57F861E6C3C8,0A7091…C3C8
60363036,2026-04-27T14:12:59.84681581Z,CB5A63B91E8F4EE8DB935942CBE25724636479E0,CB5A63…79E0
60363037,2026-04-27T14:13:00.708248141Z,E08FBA0FE999707D1496BAAB743EAB27784DC1C5,E08FBA…C1C5
60363038,2026-04-27T14:13:01.694747862Z,95B002DE67707313D123D06492F1A7A58478E546,95B002…E546
60363039,2026-04-27T14:13:02.557151771Z,06F45C36FCB957E55D923A6D4E905C2D715115AD,06F45C…15AD
60363040,2026-04-27T14:13:03.400739583Z,AB55E9D9EA6B589C3E9EF7D84458285EC28CE5E9,AB55E9…E5E9
60363041,2026-04-27T14:13:04.293081787Z,7D53D76F2DB86BE30A9B26CADEA69078531AB9BB,7D53D7…B9BB
60363042,2026-04-27T14:13:05.204723887Z,F9A968A405FB0429410AE5165E5F2193271E678A,F9A968…678A
60363043,2026-04-27T14:13:07.202388949Z,894C56D6CFC3A8E09EB6D1A2E33467C4CF77C0F5,894C56…C0F5
60363044,2026-04-27T14:13:08.054824012Z,943547CACB29C55797E121ACB4E586C49D9D39FD,943547…39FD
60363045,2026-04-27T14:13:08.855113095Z,66B69666EBF776E7EBCBE197ABA466A712E27076,66B696…7076
60363046,2026-04-27T14:13:09.711652406Z,CB5A63B91E8F4EE8DB935942CBE25724636479E0,CB5A63…79E0
60363047,2026-04-27T14:13:10.577572142Z,5F999A4BE254869925A7F2FEA04D7B3B836CFF0B,5F999A…FF0B
60363048,2026-04-27T14:13:11.424886931Z,17386B308EF9670CDD412FB2F3C09C5B875FB8B8,17386B…B8B8
60363049,2026-04-27T14:13:15.340948893Z,17386B308EF9670CDD412FB2F3C09C5B875FB8B8,17386B…B8B8
60363050,2026-04-27T14:13:16.355713011Z,C71EF3C044998473B4CECCAE99771976F198D4A5,C71EF3…D4A5
60363051,2026-04-27T14:13:18.382305835Z,D24B7A32413338C2AA26FC0016D91FBE73BB5EAE,D24B7A…5EAE
60363052,2026-04-27T14:13:19.253233321Z,7341E970B9B3EFF82B2060D3469FC50D7AF04146,7341E9…4146
60363053,2026-04-27T14:13:20.082085942Z,CDC018822747024BEAFD10A45ABECC7AC19CBAB0,CDC018…BAB0
60363054,2026-04-27T14:13:20.872527382Z,72B1489EFB57A680577A838A5BAAEBE162A7C802,72B148…C802
60363055,2026-04-27T14:13:21.794775567Z,9CBEC8CBD4ED3AAD4BB2B0346EFC86A6C41F9160,9CBEC8…9160
60363056,2026-04-27T14:13:22.632839746Z,19EC0A155A5BE755E76D0059EF730EBCA122B4F1,19EC0A…B4F1
60363057,2026-04-27T14:13:23.531717141Z,CB5A63B91E8F4EE8DB935942CBE25724636479E0,CB5A63…79E0
60363058,2026-04-27T14:13:24.400574281Z,C9E615289D1D92E50292C3B0BD8358D9B2E40290,C9E615…0290
60363059,2026-04-27T14:13:25.312556309Z,4B56B7D3FB47183A3CED7AE24C9AA0F0DEB0BB04,4B56B7…BB04
60363060,2026-04-27T14:13:26.301576657Z,51D7D05A659208A6576190AEBBE8F07603851515,51D7D0…1515
60363061,2026-04-27T14:13:27.33358033Z,39327692C258A57970EF53F0AA4D3C00F95988B8,393276…88B8
60363062,2026-04-27T14:13:28.324061588Z,66B69666EBF776E7EBCBE197ABA466A712E27076,66B696…7076
60363063,2026-04-27T14:13:29.138361125Z,9D0281786872D3BBE53C58FBECA118D86FA82177,9D0281…2177
60363064,2026-04-27T14:13:31.130936647Z,6E705424231DCEEC337EB451BC4C1D2C5FBA48C9,6E7054…48C9
60363065,2026-04-27T14:13:32.044484103Z,C71EF3C044998473B4CECCAE99771976F198D4A5,C71EF3…D4A5
60363066,2026-04-27T14:13:36.834369663Z,C71EF3C044998473B4CECCAE99771976F198D4A5,C71EF3…D4A5
60363067,2026-04-27T14:13:38.867117633Z,4E154C9288E31436BA814DD92D17C4ED6CEFD3F1,4E154C…D3F1
60363068,2026-04-27T14:13:39.663641423Z,CB5A63B91E8F4EE8DB935942CBE25724636479E0,CB5A63…79E0
60363069,2026-04-27T14:13:40.520146875Z,2022FE8CC49E48630C76160E11A880459219D244,2022FE…D244
60363070,2026-04-27T14:13:41.356296448Z,99063B919404B6950A79A6A31E370378FE07020D,99063B…020D
60363071,2026-04-27T14:13:42.130189129Z,C8969171F9B5A3354C712A20F007CDE0648C990F,C89691…990F
60363072,2026-04-27T14:13:42.954218441Z,B15069E41B1A60FF03AE8D8F741F78C7B1144FBE,B15069…4FBE
60363073,2026-04-27T14:13:43.868407177Z,17386B308EF9670CDD412FB2F3C09C5B875FB8B8,17386B…B8B8
60363074,2026-04-27T14:13:44.865752646Z,26F7777BD52918AE71801022B0E2DEED97DDD504,26F777…D504
60363075,2026-04-27T14:13:45.751399964Z,966FD89B1DB51535F2D898CF9B0F14DA374EFB96,966FD8…FB96
60363076,2026-04-27T14:13:49.448486377Z,966FD89B1DB51535F2D898CF9B0F14DA374EFB96,966FD8…FB96
60363077,2026-04-27T14:13:50.435782207Z,7EDB006522610C58283E30644A14F27BCC0D32ED,7EDB00…32ED
60363078,2026-04-27T14:13:51.256511982Z,97AFE45395B74E784C88D45E5CCA2995019FAE08,97AFE4…AE08
60363079,2026-04-27T14:13:52.115560154Z,66B69666EBF776E7EBCBE197ABA466A712E27076,66B696…7076
60363080,2026-04-27T14:13:53.015582392Z,CB5A63B91E8F4EE8DB935942CBE25724636479E0,CB5A63…79E0
60363081,2026-04-27T14:13:53.864226477Z,46DEA137CFB10BC419B2577AA9A58718680E18BA,46DEA1…18BA
60363082,2026-04-27T14:13:54.658512961Z,16A169951A878247DBE258FDDC71638F6606D156,16A169…D156
60363083,2026-04-27T14:13:55.567210541Z,E08FBA0FE999707D1496BAAB743EAB27784DC1C5,E08FBA…C1C5
60363084,2026-04-27T14:13:56.518846862Z,CDC018822747024BEAFD10A45ABECC7AC19CBAB0,CDC018…BAB0
60363085,2026-04-27T14:14:01.045532279Z,CDC018822747024BEAFD10A45ABECC7AC19CBAB0,CDC018…BAB0
60363086,2026-04-27T14:14:01.855419956Z,F9A968A405FB0429410AE5165E5F2193271E678A,F9A968…678A
60363087,2026-04-27T14:14:03.8456639Z,901FD122CC512EF13DE8E1A3D7953BFDDC0786D6,901FD1…86D6
60363088,2026-04-27T14:14:04.642619539Z,D24B7A32413338C2AA26FC0016D91FBE73BB5EAE,D24B7A…5EAE
60363089,2026-04-27T14:14:05.512684181Z,95B002DE67707313D123D06492F1A7A58478E546,95B002…E546
60363090,2026-04-27T14:14:06.305605518Z,CB5A63B91E8F4EE8DB935942CBE25724636479E0,CB5A63…79E0
60363091,2026-04-27T14:14:07.166255922Z,72B1489EFB57A680577A838A5BAAEBE162A7C802,72B148…C802
60363092,2026-04-27T14:14:08.079487703Z,0CEB917DE4DF1C4B4F8EDFC4ACE6FD6D39F1E61E,0CEB91…E61E
60363093,2026-04-27T14:14:08.964223592Z,9CBF2EFFD5570B3A9A41346244757CDA3E18D401,9CBF2E…D401
60363094,2026-04-27T14:14:09.967146723Z,C8969171F9B5A3354C712A20F007CDE0648C990F,C89691…990F
60363095,2026-04-27T14:14:10.816687074Z,66B69666EBF776E7EBCBE197ABA466A712E27076,66B696…7076
60363096,2026-04-27T14:14:11.668654822Z,7341E970B9B3EFF82B2060D3469FC50D7AF04146,7341E9…4146
60363097,2026-04-27T14:14:12.570479216Z,0F8C8B45D09F25CD279CFA53C01B9BA7A3FC616E,0F8C8B…616E
60363098,2026-04-27T14:14:13.521119511Z,17386B308EF9670CDD412FB2F3C09C5B875FB8B8,17386B…B8B8
60363099,2026-04-27T14:14:14.494696288Z,51D7D05A659208A6576190AEBBE8F07603851515,51D7D0…1515
60363100,2026-04-27T14:14:15.710056024Z,C71EF3C044998473B4CECCAE99771976F198D4A5,C71EF3…D4A5
60363101,2026-04-27T14:14:17.745603845Z,CB5A63B91E8F4EE8DB935942CBE25724636479E0,CB5A63…79E0
60363102,2026-04-27T14:14:18.618317736Z,39327692C258A57970EF53F0AA4D3C00F95988B8,393276…88B8
60363103,2026-04-27T14:14:19.507641793Z,583AE736E67DF9D72FE87B9AA7D3210D3B4B0E5A,583AE7…0E5A
60363104,2026-04-27T14:14:20.334396189Z,5F999A4BE254869925A7F2FEA04D7B3B836CFF0B,5F999A…FF0B
60363105,2026-04-27T14:14:21.207239267Z,9F8EC2EF581CE25630C819F19B5484039E748D1A,9F8EC2…8D1A
60363106,2026-04-27T14:14:22.047543955Z,04C83AA20F7563BBCBCF6AA150EF6B0C81808DAA,04C83A…8DAA
60363107,2026-04-27T14:14:23.07562151Z,9CBEC8CBD4ED3AAD4BB2B0346EFC86A6C41F9160,9CBEC8…9160
60363108,2026-04-27T14:14:23.898388798Z,19EC0A155A5BE755E76D0059EF730EBCA122B4F1,19EC0A…B4F1
60363109,2026-04-27T14:14:24.766897615Z,6239A498C22DF3EC3FB0CA2F96D15535F6F3387A,6239A4…387A
60363110,2026-04-27T14:14:25.720144987Z,0A70912D18E13D78CB32E6322A4E57F861E6C3C8,0A7091…C3C8
60363111,2026-04-27T14:14:26.568109988Z,9D0281786872D3BBE53C58FBECA118D86FA82177,9D0281…2177
60363112,2026-04-27T14:14:28.552578132Z,CB5A63B91E8F4EE8DB935942CBE25724636479E0,CB5A63…79E0
60363113,2026-04-27T14:14:29.43468971Z,66B69666EBF776E7EBCBE197ABA466A712E27076,66B696…7076
60363114,2026-04-27T14:14:30.32048106Z,2022FE8CC49E48630C76160E11A880459219D244,2022FE…D244
60363115,2026-04-27T14:14:31.241219941Z,05F843C91498D43DB68370EF9E4B9C4D66D14FA5,05F843…4FA5
60363116,2026-04-27T14:14:33.419214433Z,CDC018822747024BEAFD10A45ABECC7AC19CBAB0,CDC018…BAB0
60363117,2026-04-27T14:14:34.295902862Z,C71EF3C044998473B4CECCAE99771976F198D4A5,C71EF3…D4A5
60363118,2026-04-27T14:14:36.35483325Z,06F45C36FCB957E55D923A6D4E905C2D715115AD,06F45C…15AD
60363119,2026-04-27T14:14:37.148399963Z,C8969171F9B5A3354C712A20F007CDE0648C990F,C89691…990F
60363120,2026-04-27T14:14:37.946378619Z,AB55E9D9EA6B589C3E9EF7D84458285EC28CE5E9,AB55E9…E5E9
60363121,2026-04-27T14:14:38.855786093Z,4D5ED32FFAA70B269E78400BA7DA12B8D5974BE7,4D5ED3…4BE7
60363122,2026-04-27T14:14:39.69889466Z,17386B308EF9670CDD412FB2F3C09C5B875FB8B8,17386B…B8B8
60363123,2026-04-27T14:14:40.679731344Z,CB5A63B91E8F4EE8DB935942CBE25724636479E0,CB5A63…79E0
60363124,2026-04-27T14:14:41.536858227Z,99063B919404B6950A79A6A31E370378FE07020D,99063B…020D
60363125,2026-04-27T14:14:42.421965321Z,4B56B7D3FB47183A3CED7AE24C9AA0F0DEB0BB04,4B56B7…BB04
60363126,2026-04-27T14:14:43.445465734Z,97AFE45395B74E784C88D45E5CCA2995019FAE08,97AFE4…AE08
60363127,2026-04-27T14:14:44.316615706Z,F9A968A405FB0429410AE5165E5F2193271E678A,F9A968…678A
60363128,2026-04-27T14:14:46.308176081Z,C9E615289D1D92E50292C3B0BD8358D9B2E40290,C9E615…0290
60363129,2026-04-27T14:14:47.196743403Z,72B1489EFB57A680577A838A5BAAEBE162A7C802,72B148…C802
60363130,2026-04-27T14:14:48.092979055Z,66B69666EBF776E7EBCBE197ABA466A712E27076,66B696…7076
60363131,2026-04-27T14:14:48.955335675Z,D24B7A32413338C2AA26FC0016D91FBE73BB5EAE,D24B7A…5EAE
60363132,2026-04-27T14:14:49.863085474Z,26F7777BD52918AE71801022B0E2DEED97DDD504,26F777…D504
60363133,2026-04-27T14:14:50.851241496Z,E08FBA0FE999707D1496BAAB743EAB27784DC1C5,E08FBA…C1C5
60363134,2026-04-27T14:14:51.821658627Z,CB5A63B91E8F4EE8DB935942CBE25724636479E0,CB5A63…79E0
60363135,2026-04-27T14:14:52.684389999Z,C71EF3C044998473B4CECCAE99771976F198D4A5,C71EF3…D4A5
60363136,2026-04-27T14:14:54.707395454Z,7EDB006522610C58283E30644A14F27BCC0D32ED,7EDB00…32ED
60363137,2026-04-27T14:14:55.562939949Z,943547CACB29C55797E121ACB4E586C49D9D39FD,943547…39FD
60363138,2026-04-27T14:14:56.353083854Z,51D7D05A659208A6576190AEBBE8F07603851515,51D7D0…1515
60363139,2026-04-27T14:14:57.204297336Z,16A169951A878247DBE258FDDC71638F6606D156,16A169…D156
60363140,2026-04-27T14:14:58.101573765Z,7341E970B9B3EFF82B2060D3469FC50D7AF04146,7341E9…4146
60363141,2026-04-27T14:14:59.019999954Z,6E705424231DCEEC337EB451BC4C1D2C5FBA48C9,6E7054…48C9
60363142,2026-04-27T14:14:59.968113936Z,C8969171F9B5A3354C712A20F007CDE0648C990F,C89691…990F
60363143,2026-04-27T14:15:00.791309326Z,46DEA137CFB10BC419B2577AA9A58718680E18BA,46DEA1…18BA
60363144,2026-04-27T14:15:01.64169078Z,39327692C258A57970EF53F0AA4D3C00F95988B8,393276…88B8
60363145,2026-04-27T14:15:02.621112773Z,CB5A63B91E8F4EE8DB935942CBE25724636479E0,CB5A63…79E0
